sample,label,cell_type,n_cells,frac,mean_conf
BIOKEY_10::pre,R,B cells,342,0.0737,0.3303
BIOKEY_10::pre,R,B-cell lineage,1,0.0002,0.0181
BIOKEY_10::pre,R,Cycling cells,25,0.0054,0.3155
BIOKEY_10::pre,R,DC,23,0.0050,0.4837
BIOKEY_10::pre,R,Double-negative thymocytes,8,0.0017,0.1131
BIOKEY_10::pre,R,Double-positive thymocytes,119,0.0256,0.2420
BIOKEY_10::pre,R,Endothelial cells,53,0.0114,0.8882
BIOKEY_10::pre,R,Epithelial cells,212,0.0457,0.5474
BIOKEY_10::pre,R,Erythroid,10,0.0022,0.2699
BIOKEY_10::pre,R,Fibroblasts,329,0.0709,0.7936
BIOKEY_10::pre,R,HSC/MPP,2,0.0004,0.2132
BIOKEY_10::pre,R,ILC,203,0.0437,0.4571
BIOKEY_10::pre,R,Macrophages,1329,0.2862,0.5192
BIOKEY_10::pre,R,Mast cells,25,0.0054,0.8722
BIOKEY_10::pre,R,Monocyte precursor,3,0.0006,0.1071
BIOKEY_10::pre,R,Monocytes,38,0.0082,0.1492
BIOKEY_10::pre,R,Myelocytes,32,0.0069,0.2295
BIOKEY_10::pre,R,Plasma cells,369,0.0795,0.7187
BIOKEY_10::pre,R,Promyelocytes,1,0.0002,0.0711
BIOKEY_10::pre,R,T cells,1518,0.3269,0.8973
BIOKEY_10::pre,R,pDC,1,0.0002,0.2086
BIOKEY_11::pre,R,B cells,73,0.0464,0.5756
BIOKEY_11::pre,R,Cycling cells,5,0.0032,0.6762
BIOKEY_11::pre,R,DC,23,0.0146,0.5123
BIOKEY_11::pre,R,Double-negative thymocytes,1,0.0006,0.1459
BIOKEY_11::pre,R,Double-positive thymocytes,9,0.0057,0.1498
BIOKEY_11::pre,R,Endothelial cells,10,0.0064,1.0000
BIOKEY_11::pre,R,Epithelial cells,274,0.1743,0.6074
BIOKEY_11::pre,R,Erythroid,1,0.0006,0.5446
BIOKEY_11::pre,R,Fibroblasts,25,0.0159,0.8099
BIOKEY_11::pre,R,ILC,124,0.0789,0.5542
BIOKEY_11::pre,R,Macrophages,191,0.1215,0.7656
BIOKEY_11::pre,R,Monocytes,36,0.0229,0.6371
BIOKEY_11::pre,R,Myelocytes,1,0.0006,0.1195
BIOKEY_11::pre,R,Plasma cells,70,0.0445,0.9801
BIOKEY_11::pre,R,T cells,718,0.4567,0.8531
BIOKEY_11::pre,R,pDC,11,0.0070,0.9532
BIOKEY_12::pre,R,B cells,386,0.0657,0.4208
BIOKEY_12::pre,R,Cycling cells,11,0.0019,0.3039
BIOKEY_12::pre,R,DC,58,0.0099,0.7125
BIOKEY_12::pre,R,Double-negative thymocytes,4,0.0007,0.0279
BIOKEY_12::pre,R,Double-positive thymocytes,60,0.0102,0.1030
BIOKEY_12::pre,R,Endothelial cells,245,0.0417,0.9433
BIOKEY_12::pre,R,Epithelial cells,731,0.1244,0.6167
BIOKEY_12::pre,R,Erythroid,2,0.0003,0.0475
BIOKEY_12::pre,R,Fibroblasts,352,0.0599,0.8499
BIOKEY_12::pre,R,Granulocytes,1,0.0002,0.3283
BIOKEY_12::pre,R,HSC/MPP,1,0.0002,0.4687
BIOKEY_12::pre,R,ILC,332,0.0565,0.7063
BIOKEY_12::pre,R,Macrophages,363,0.0618,0.3859
BIOKEY_12::pre,R,Mast cells,85,0.0145,0.8236
BIOKEY_12::pre,R,Monocytes,44,0.0075,0.3225
BIOKEY_12::pre,R,Myelocytes,7,0.0012,0.1594
BIOKEY_12::pre,R,Plasma cells,201,0.0342,0.7513
BIOKEY_12::pre,R,T cells,2982,0.5074,0.9120
BIOKEY_12::pre,R,pDC,12,0.0020,0.9996
BIOKEY_14::pre,NR,B cells,726,0.2279,0.8608
BIOKEY_14::pre,NR,DC,72,0.0226,0.6305
BIOKEY_14::pre,NR,Double-negative thymocytes,2,0.0006,0.0285
BIOKEY_14::pre,NR,Double-positive thymocytes,19,0.0060,0.0672
BIOKEY_14::pre,NR,Endothelial cells,312,0.0980,0.8906
BIOKEY_14::pre,NR,Epithelial cells,150,0.0471,0.6277
BIOKEY_14::pre,NR,Erythroid,3,0.0009,0.2678
BIOKEY_14::pre,NR,Fibroblasts,269,0.0845,0.7696
BIOKEY_14::pre,NR,HSC/MPP,1,0.0003,0.0033
BIOKEY_14::pre,NR,ILC,104,0.0327,0.5612
BIOKEY_14::pre,NR,Macrophages,140,0.0440,0.5524
BIOKEY_14::pre,NR,Mast cells,12,0.0038,0.9105
BIOKEY_14::pre,NR,Monocytes,30,0.0094,0.3797
BIOKEY_14::pre,NR,Myelocytes,10,0.0031,0.2162
BIOKEY_14::pre,NR,Plasma cells,69,0.0217,0.8880
BIOKEY_14::pre,NR,T cells,1242,0.3900,0.9162
BIOKEY_14::pre,NR,pDC,24,0.0075,0.9821
BIOKEY_15::pre,R,B cells,268,0.0715,0.6752
BIOKEY_15::pre,R,B-cell lineage,1,0.0003,0.0790
BIOKEY_15::pre,R,Cycling cells,15,0.0040,0.4342
BIOKEY_15::pre,R,DC,83,0.0221,0.7772
BIOKEY_15::pre,R,Double-positive thymocytes,30,0.0080,0.2898
BIOKEY_15::pre,R,Endothelial cells,128,0.0342,0.9368
BIOKEY_15::pre,R,Epithelial cells,639,0.1705,0.7137
BIOKEY_15::pre,R,Erythroid,3,0.0008,0.3015
BIOKEY_15::pre,R,Fibroblasts,271,0.0723,0.8789
BIOKEY_15::pre,R,HSC/MPP,3,0.0008,0.0244
BIOKEY_15::pre,R,ILC,170,0.0454,0.6027
BIOKEY_15::pre,R,Macrophages,469,0.1251,0.6776
BIOKEY_15::pre,R,Mast cells,1,0.0003,0.8085
BIOKEY_15::pre,R,Megakaryocytes/platelets,1,0.0003,0.0010
BIOKEY_15::pre,R,Monocytes,27,0.0072,0.6067
BIOKEY_15::pre,R,Myelocytes,5,0.0013,0.2781
BIOKEY_15::pre,R,Plasma cells,241,0.0643,0.9486
BIOKEY_15::pre,R,T cells,1377,0.3674,0.8904
BIOKEY_15::pre,R,pDC,16,0.0043,0.9811
BIOKEY_5::pre,R,B cells,312,0.1000,0.9287
BIOKEY_5::pre,R,Cycling cells,7,0.0022,0.5752
BIOKEY_5::pre,R,DC,47,0.0151,0.6525
BIOKEY_5::pre,R,Double-positive thymocytes,4,0.0013,0.6692
BIOKEY_5::pre,R,Endothelial cells,45,0.0144,0.8889
BIOKEY_5::pre,R,Epithelial cells,142,0.0455,0.7811
BIOKEY_5::pre,R,Erythroid,6,0.0019,0.6332
BIOKEY_5::pre,R,Fibroblasts,26,0.0083,0.9210
BIOKEY_5::pre,R,ILC,54,0.0173,0.8850
BIOKEY_5::pre,R,Macrophages,18,0.0058,0.2762
BIOKEY_5::pre,R,Mast cells,212,0.0679,0.9629
BIOKEY_5::pre,R,Monocytes,13,0.0042,0.8859
BIOKEY_5::pre,R,Plasma cells,227,0.0727,0.9773
BIOKEY_5::pre,R,T cells,1988,0.6370,0.9798
BIOKEY_5::pre,R,pDC,20,0.0064,0.9696
BIOKEY_6::pre,NR,B cells,454,0.0849,0.1878
BIOKEY_6::pre,NR,Cycling cells,1,0.0002,0.0051
BIOKEY_6::pre,NR,DC,48,0.0090,0.5683
BIOKEY_6::pre,NR,Double-negative thymocytes,7,0.0013,0.0275
BIOKEY_6::pre,NR,Double-positive thymocytes,41,0.0077,0.0647
BIOKEY_6::pre,NR,Endothelial cells,197,0.0368,0.9211
BIOKEY_6::pre,NR,Epithelial cells,1486,0.2779,0.7645
BIOKEY_6::pre,NR,Erythroid,9,0.0017,0.1109
BIOKEY_6::pre,NR,Fibroblasts,512,0.0958,0.8131
BIOKEY_6::pre,NR,HSC/MPP,3,0.0006,0.0235
BIOKEY_6::pre,NR,ILC,199,0.0372,0.1938
BIOKEY_6::pre,NR,Macrophages,1118,0.2091,0.3518
BIOKEY_6::pre,NR,Mast cells,40,0.0075,0.9235
BIOKEY_6::pre,NR,Megakaryocytes/platelets,1,0.0002,0.0403
BIOKEY_6::pre,NR,Mono-mac,2,0.0004,0.0006
BIOKEY_6::pre,NR,Monocytes,33,0.0062,0.2489
BIOKEY_6::pre,NR,Myelocytes,16,0.0030,0.1239
BIOKEY_6::pre,NR,Plasma cells,83,0.0155,0.4422
BIOKEY_6::pre,NR,T cells,1096,0.2050,0.7337
BIOKEY_6::pre,NR,pDC,1,0.0002,0.3810
BIOKEY_7::pre,NR,B cells,17,0.0210,0.4693
BIOKEY_7::pre,NR,DC,3,0.0037,0.3854
BIOKEY_7::pre,NR,Double-positive thymocytes,2,0.0025,0.0183
BIOKEY_7::pre,NR,Endothelial cells,7,0.0086,1.0000
BIOKEY_7::pre,NR,Epithelial cells,472,0.5820,0.7193
BIOKEY_7::pre,NR,Erythroid,1,0.0012,0.2436
BIOKEY_7::pre,NR,Fibroblasts,100,0.1233,0.8711
BIOKEY_7::pre,NR,HSC/MPP,1,0.0012,0.0042
BIOKEY_7::pre,NR,ILC,14,0.0173,0.3026
BIOKEY_7::pre,NR,Macrophages,70,0.0863,0.5025
BIOKEY_7::pre,NR,Mast cells,10,0.0123,0.8127
BIOKEY_7::pre,NR,Monocytes,15,0.0185,0.8052
BIOKEY_7::pre,NR,Plasma cells,4,0.0049,0.7653
BIOKEY_7::pre,NR,T cells,95,0.1171,0.7775
BIOKEY_8::pre,NR,B cells,8,0.0219,0.6218
BIOKEY_8::pre,NR,Cycling cells,1,0.0027,0.0250
BIOKEY_8::pre,NR,DC,4,0.0110,0.9753
BIOKEY_8::pre,NR,Double-positive thymocytes,4,0.0110,0.0311
BIOKEY_8::pre,NR,Endothelial cells,18,0.0493,0.9359
BIOKEY_8::pre,NR,Epithelial cells,11,0.0301,0.4689
BIOKEY_8::pre,NR,Fibroblasts,4,0.0110,0.3963
BIOKEY_8::pre,NR,ILC,28,0.0767,0.8682
BIOKEY_8::pre,NR,Macrophages,74,0.2027,0.8422
BIOKEY_8::pre,NR,Monocytes,30,0.0822,0.8504
BIOKEY_8::pre,NR,Plasma cells,10,0.0274,0.9954
BIOKEY_8::pre,NR,T cells,171,0.4685,0.9520
BIOKEY_8::pre,NR,pDC,2,0.0055,0.9359
BIOKEY_9::pre,NR,B cells,1017,0.3232,0.5620
BIOKEY_9::pre,NR,DC,60,0.0191,0.6027
BIOKEY_9::pre,NR,DC precursor,1,0.0003,0.0214
BIOKEY_9::pre,NR,Double-negative thymocytes,6,0.0019,0.2269
BIOKEY_9::pre,NR,Double-positive thymocytes,26,0.0083,0.1882
BIOKEY_9::pre,NR,Endothelial cells,54,0.0172,0.9389
BIOKEY_9::pre,NR,Epithelial cells,277,0.0880,0.8297
BIOKEY_9::pre,NR,Erythrocytes,2,0.0006,0.0201
BIOKEY_9::pre,NR,Erythroid,23,0.0073,0.3610
BIOKEY_9::pre,NR,Fibroblasts,191,0.0607,0.7036
BIOKEY_9::pre,NR,ILC,75,0.0238,0.2951
BIOKEY_9::pre,NR,MNP,1,0.0003,0.3859
BIOKEY_9::pre,NR,Macrophages,318,0.1010,0.4388
BIOKEY_9::pre,NR,Mast cells,15,0.0048,0.8020
BIOKEY_9::pre,NR,Mono-mac,1,0.0003,0.0935
BIOKEY_9::pre,NR,Monocytes,25,0.0079,0.4758
BIOKEY_9::pre,NR,Myelocytes,27,0.0086,0.3603
BIOKEY_9::pre,NR,Plasma cells,25,0.0079,0.5701
BIOKEY_9::pre,NR,T cells,993,0.3155,0.6374
BIOKEY_9::pre,NR,pDC,10,0.0032,0.8982
10X_HEN061,NR,B cells,661,0.0501,0.5017
10X_HEN061,NR,B-cell lineage,5,0.0004,0.7725
10X_HEN061,NR,Cycling cells,11,0.0008,0.3172
10X_HEN061,NR,DC,297,0.0225,0.8146
10X_HEN061,NR,DC precursor,1,0.0001,0.2437
10X_HEN061,NR,Double-negative thymocytes,19,0.0014,0.1179
10X_HEN061,NR,Double-positive thymocytes,32,0.0024,0.2097
10X_HEN061,NR,Early MK,1,0.0001,0.0074
10X_HEN061,NR,Endothelial cells,473,0.0359,0.9352
10X_HEN061,NR,Epithelial cells,1824,0.1383,0.8151
10X_HEN061,NR,Erythroid,13,0.0010,0.1731
10X_HEN061,NR,Fibroblasts,2772,0.2102,0.9091
10X_HEN061,NR,HSC/MPP,5,0.0004,0.0506
10X_HEN061,NR,ILC,227,0.0172,0.5508
10X_HEN061,NR,MNP,2,0.0002,0.3059
10X_HEN061,NR,Macrophages,3014,0.2286,0.7947
10X_HEN061,NR,Mast cells,21,0.0016,0.9767
10X_HEN061,NR,Mono-mac,12,0.0009,0.2658
10X_HEN061,NR,Monocytes,711,0.0539,0.8406
10X_HEN061,NR,Myelocytes,60,0.0046,0.3427
10X_HEN061,NR,Plasma cells,104,0.0079,0.7270
10X_HEN061,NR,T cells,2881,0.2185,0.8682
10X_HEN061,NR,pDC,39,0.0030,0.9852
10X_HEN074,NR,B cells,4527,0.1789,0.8973
10X_HEN074,NR,B-cell lineage,5,0.0002,0.1743
10X_HEN074,NR,Cycling cells,23,0.0009,0.4695
10X_HEN074,NR,DC,814,0.0322,0.7644
10X_HEN074,NR,DC precursor,3,0.0001,0.0763
10X_HEN074,NR,Double-negative thymocytes,16,0.0006,0.2351
10X_HEN074,NR,Double-positive thymocytes,88,0.0035,0.2238
10X_HEN074,NR,ETP,1,0.0000,0.3937
10X_HEN074,NR,Endothelial cells,449,0.0177,0.9290
10X_HEN074,NR,Epithelial cells,1758,0.0695,0.7766
10X_HEN074,NR,Erythroid,25,0.0010,0.2080
10X_HEN074,NR,Fibroblasts,1860,0.0735,0.8967
10X_HEN074,NR,Granulocytes,1,0.0000,0.1296
10X_HEN074,NR,HSC/MPP,8,0.0003,0.1706
10X_HEN074,NR,ILC,428,0.0169,0.6639
10X_HEN074,NR,MNP,1,0.0000,0.1515
10X_HEN074,NR,Macrophages,2475,0.0978,0.7756
10X_HEN074,NR,Mast cells,98,0.0039,0.9142
10X_HEN074,NR,Megakaryocytes/platelets,2,0.0001,0.8836
10X_HEN074,NR,Mono-mac,31,0.0012,0.1606
10X_HEN074,NR,Monocyte precursor,3,0.0001,0.0760
10X_HEN074,NR,Monocytes,649,0.0257,0.8085
10X_HEN074,NR,Myelocytes,88,0.0035,0.4358
10X_HEN074,NR,Plasma cells,689,0.0272,0.9202
10X_HEN074,NR,T cells,10996,0.4346,0.9642
10X_HEN074,NR,pDC,261,0.0103,0.9386
10X_HEN074,NR,pDC precursor,1,0.0000,0.1074
10X_HEN004,R,B cells,794,0.2040,0.9094
10X_HEN004,R,Cycling cells,2,0.0005,0.3330
10X_HEN004,R,DC,67,0.0172,0.7400
10X_HEN004,R,Double-negative thymocytes,1,0.0003,0.0155
10X_HEN004,R,Double-positive thymocytes,28,0.0072,0.1444
10X_HEN004,R,Endothelial cells,241,0.0619,0.8860
10X_HEN004,R,Epithelial cells,115,0.0295,0.7897
10X_HEN004,R,Fibroblasts,864,0.2219,0.9486
10X_HEN004,R,ILC,65,0.0167,0.4967
10X_HEN004,R,Macrophages,120,0.0308,0.6884
10X_HEN004,R,Mast cells,3,0.0008,0.9963
10X_HEN004,R,Megakaryocytes/platelets,1,0.0003,0.2299
10X_HEN004,R,Mono-mac,2,0.0005,0.0291
10X_HEN004,R,Monocytes,59,0.0152,0.6902
10X_HEN004,R,Myelocytes,12,0.0031,0.2443
10X_HEN004,R,Plasma cells,76,0.0195,0.9303
10X_HEN004,R,T cells,1432,0.3678,0.9615
10X_HEN004,R,pDC,11,0.0028,0.9286
10X_HEN079,R,B cells,3565,0.1814,0.8538
10X_HEN079,R,B-cell lineage,1,0.0001,0.0509
10X_HEN079,R,Cycling cells,29,0.0015,0.3544
10X_HEN079,R,DC,503,0.0256,0.7351
10X_HEN079,R,DC precursor,2,0.0001,0.1687
10X_HEN079,R,Double-negative thymocytes,18,0.0009,0.2085
10X_HEN079,R,Double-positive thymocytes,111,0.0056,0.2703
10X_HEN079,R,Endothelial cells,676,0.0344,0.9610
10X_HEN079,R,Epithelial cells,2309,0.1175,0.8000
10X_HEN079,R,Erythroid,54,0.0027,0.2530
10X_HEN079,R,Fibroblasts,1450,0.0738,0.8407
10X_HEN079,R,HSC/MPP,3,0.0002,0.0487
10X_HEN079,R,ILC,652,0.0332,0.5415
10X_HEN079,R,Macrophages,1499,0.0763,0.7938
10X_HEN079,R,Mast cells,54,0.0027,0.8596
10X_HEN079,R,Megakaryocytes/platelets,1,0.0001,0.7967
10X_HEN079,R,Mono-mac,11,0.0006,0.2905
10X_HEN079,R,Monocyte precursor,2,0.0001,0.1333
10X_HEN079,R,Monocytes,225,0.0114,0.6507
10X_HEN079,R,Myelocytes,54,0.0027,0.4276
10X_HEN079,R,Plasma cells,419,0.0213,0.8842
10X_HEN079,R,T cells,7884,0.4011,0.9225
10X_HEN079,R,pDC,133,0.0068,0.8325
10X_HEN027,R,B cells,1033,0.1692,0.8210
10X_HEN027,R,Cycling cells,14,0.0023,0.1207
10X_HEN027,R,DC,172,0.0282,0.5677
10X_HEN027,R,DC precursor,1,0.0002,0.0394
10X_HEN027,R,Double-negative thymocytes,10,0.0016,0.2308
10X_HEN027,R,Double-positive thymocytes,66,0.0108,0.1767
10X_HEN027,R,Endothelial cells,111,0.0182,0.7967
10X_HEN027,R,Epithelial cells,589,0.0965,0.7438
10X_HEN027,R,Erythroid,14,0.0023,0.2125
10X_HEN027,R,Fibroblasts,190,0.0311,0.6634
10X_HEN027,R,ILC,286,0.0468,0.3610
10X_HEN027,R,MNP,1,0.0002,0.0445
10X_HEN027,R,Macrophages,1317,0.2157,0.7399
10X_HEN027,R,Mast cells,6,0.0010,0.8338
10X_HEN027,R,Mono-mac,3,0.0005,0.1123
10X_HEN027,R,Monocytes,73,0.0120,0.5465
10X_HEN027,R,Myelocytes,29,0.0047,0.3118
10X_HEN027,R,Plasma cells,135,0.0221,0.8637
10X_HEN027,R,T cells,2030,0.3325,0.8736
10X_HEN027,R,pDC,24,0.0039,0.8613
10X_HEN027,R,pDC precursor,2,0.0003,0.0389
