sample,label,cell_type,n_cells,gene_strategy,cell_nodes,gene_nodes,edges,density,min_w,max_w,bytes
BIOKEY_10::pre,R,B cells,342,expressed,342,12109,151243,0.0365,0.826,8.077,6149332
BIOKEY_10::pre,R,B cells,342,hvg,342,236,8012,0.0993,0.826,8.077,325108
BIOKEY_10::pre,R,B-cell lineage,1,expressed,1,616,616,1.0000,2.711,4.598,29580
BIOKEY_10::pre,R,B-cell lineage,1,hvg,1,24,24,1.0000,2.711,4.598,1164
BIOKEY_10::pre,R,Cycling cells,25,expressed,25,9104,38466,0.1690,0.363,6.335,1611676
BIOKEY_10::pre,R,Cycling cells,25,hvg,25,123,633,0.2059,0.363,5.512,26508
BIOKEY_10::pre,R,DC,23,expressed,23,8982,33657,0.1629,0.286,6.337,1418324
BIOKEY_10::pre,R,DC,23,hvg,23,132,587,0.1933,0.286,6.329,24724
BIOKEY_10::pre,R,Double-negative thymocytes,8,expressed,8,1827,2619,0.1792,2.949,7.778,119444
BIOKEY_10::pre,R,Double-negative thymocytes,8,hvg,8,65,150,0.2885,2.949,7.778,6588
BIOKEY_10::pre,R,Double-positive thymocytes,119,expressed,119,10846,69389,0.0538,0.362,7.129,2863284
BIOKEY_10::pre,R,Double-positive thymocytes,119,hvg,119,192,2760,0.1208,0.362,6.509,112892
BIOKEY_10::pre,R,Endothelial cells,53,expressed,53,11005,77616,0.1331,0.350,6.611,3193108
BIOKEY_10::pre,R,Endothelial cells,53,hvg,53,144,1214,0.1591,0.350,6.611,50140
BIOKEY_10::pre,R,Epithelial cells,212,expressed,212,13078,272296,0.0982,0.221,8.316,10998164
BIOKEY_10::pre,R,Epithelial cells,212,hvg,212,231,5435,0.1110,0.221,8.316,220948
BIOKEY_10::pre,R,Erythroid,10,expressed,10,2731,4181,0.1531,2.830,6.016,189172
BIOKEY_10::pre,R,Erythroid,10,hvg,10,76,210,0.2763,2.830,6.016,9092
BIOKEY_10::pre,R,Fibroblasts,329,expressed,329,13732,800757,0.1772,0.215,8.294,32142772
BIOKEY_10::pre,R,Fibroblasts,329,hvg,329,256,9578,0.1137,0.215,8.294,387804
BIOKEY_10::pre,R,HSC/MPP,2,expressed,2,783,872,0.5568,2.434,5.584,41164
BIOKEY_10::pre,R,HSC/MPP,2,hvg,2,42,52,0.6190,2.434,5.584,2436
BIOKEY_10::pre,R,ILC,203,expressed,203,12386,190473,0.0758,0.515,7.754,7719636
BIOKEY_10::pre,R,ILC,203,hvg,203,222,4535,0.1006,0.515,7.754,184804
BIOKEY_10::pre,R,Macrophages,1329,expressed,1329,14080,801017,0.0428,0.198,8.430,32163956
BIOKEY_10::pre,R,Macrophages,1329,hvg,1329,301,32867,0.0822,0.198,8.430,1327724
BIOKEY_10::pre,R,Mast cells,25,expressed,25,8192,32125,0.1569,0.725,6.163,1350740
BIOKEY_10::pre,R,Mast cells,25,hvg,25,119,700,0.2353,0.725,6.163,29156
BIOKEY_10::pre,R,Monocyte precursor,3,expressed,3,1209,1384,0.3816,2.462,6.077,65060
BIOKEY_10::pre,R,Monocyte precursor,3,hvg,3,39,66,0.5641,2.462,6.077,2980
BIOKEY_10::pre,R,Monocytes,38,expressed,38,7579,21892,0.0760,0.972,6.290,936620
BIOKEY_10::pre,R,Monocytes,38,hvg,38,138,905,0.1726,0.972,6.290,37612
BIOKEY_10::pre,R,Myelocytes,32,expressed,32,4229,10549,0.0780,2.829,7.213,456052
BIOKEY_10::pre,R,Myelocytes,32,hvg,32,128,780,0.1904,2.829,7.213,32484
BIOKEY_10::pre,R,Plasma cells,369,expressed,369,12486,322429,0.0700,0.153,8.964,13000004
BIOKEY_10::pre,R,Plasma cells,369,hvg,369,265,11571,0.1183,0.153,8.964,467916
BIOKEY_10::pre,R,Promyelocytes,1,expressed,1,362,362,1.0000,3.060,5.414,17388
BIOKEY_10::pre,R,Promyelocytes,1,hvg,1,29,29,1.0000,3.060,5.414,1404
BIOKEY_10::pre,R,T cells,1518,expressed,1518,13995,2145702,0.1010,0.433,7.734,85952188
BIOKEY_10::pre,R,T cells,1518,hvg,1518,306,33413,0.0719,0.433,7.734,1351116
BIOKEY_10::pre,R,pDC,1,expressed,1,279,279,1.0000,3.285,5.553,13404
BIOKEY_10::pre,R,pDC,1,hvg,1,19,19,1.0000,3.285,4.358,924
BIOKEY_11::pre,R,B cells,73,expressed,73,9226,65264,0.0969,0.377,8.141,2684956
BIOKEY_11::pre,R,B cells,73,hvg,73,122,1006,0.1130,0.377,8.141,41804
BIOKEY_11::pre,R,Cycling cells,5,expressed,5,5059,9714,0.3840,0.816,5.594,429076
BIOKEY_11::pre,R,Cycling cells,5,hvg,5,36,84,0.4667,0.816,5.455,3692
BIOKEY_11::pre,R,DC,23,expressed,23,8306,34408,0.1801,0.437,6.840,1442956
BIOKEY_11::pre,R,DC,23,hvg,23,76,340,0.1945,0.437,6.840,14396
BIOKEY_11::pre,R,Double-negative thymocytes,1,expressed,1,307,307,1.0000,3.167,5.899,14748
BIOKEY_11::pre,R,Double-negative thymocytes,1,hvg,1,12,12,1.0000,3.167,5.899,588
BIOKEY_11::pre,R,Double-positive thymocytes,9,expressed,9,5001,10950,0.2433,0.601,6.915,478084
BIOKEY_11::pre,R,Double-positive thymocytes,9,hvg,9,57,152,0.2963,0.601,6.915,6612
BIOKEY_11::pre,R,Endothelial cells,10,expressed,10,7589,19984,0.2633,0.511,5.926,860156
BIOKEY_11::pre,R,Endothelial cells,10,hvg,10,35,137,0.3914,0.511,5.544,5844
BIOKEY_11::pre,R,Epithelial cells,274,expressed,274,12488,670344,0.1959,0.178,7.860,26915860
BIOKEY_11::pre,R,Epithelial cells,274,hvg,274,153,6268,0.1495,0.178,7.860,254140
BIOKEY_11::pre,R,Erythroid,1,expressed,1,223,223,1.0000,1.685,9.006,10716
BIOKEY_11::pre,R,Erythroid,1,hvg,1,21,21,1.0000,1.685,9.006,1020
BIOKEY_11::pre,R,Fibroblasts,25,expressed,25,9938,54378,0.2189,0.542,6.676,2254828
BIOKEY_11::pre,R,Fibroblasts,25,hvg,25,87,471,0.2166,0.542,6.182,19740
BIOKEY_11::pre,R,ILC,124,expressed,124,10657,107810,0.0816,0.690,8.112,4398652
BIOKEY_11::pre,R,ILC,124,hvg,124,113,1605,0.1145,0.690,8.112,66100
BIOKEY_11::pre,R,Macrophages,191,expressed,191,11939,274989,0.1206,0.239,8.286,11096604
BIOKEY_11::pre,R,Macrophages,191,hvg,191,177,3624,0.1072,0.239,8.286,147908
BIOKEY_11::pre,R,Monocytes,36,expressed,36,8011,35667,0.1237,0.772,6.883,1491060
BIOKEY_11::pre,R,Monocytes,36,hvg,36,86,566,0.1828,0.772,6.883,23620
BIOKEY_11::pre,R,Myelocytes,1,expressed,1,286,286,1.0000,2.602,6.843,13740
BIOKEY_11::pre,R,Myelocytes,1,hvg,1,14,14,1.0000,2.602,6.843,684
BIOKEY_11::pre,R,Plasma cells,70,expressed,70,9210,86448,0.1341,0.204,9.000,3532164
BIOKEY_11::pre,R,Plasma cells,70,hvg,70,144,1876,0.1861,0.204,9.000,76756
BIOKEY_11::pre,R,T cells,718,expressed,718,12352,750393,0.0846,0.146,8.136,30120284
BIOKEY_11::pre,R,T cells,718,hvg,718,190,8500,0.0623,0.146,8.136,347268
BIOKEY_11::pre,R,pDC,11,expressed,11,6735,21857,0.2950,0.805,6.287,928252
BIOKEY_11::pre,R,pDC,11,hvg,11,36,162,0.4091,0.805,6.287,6860
BIOKEY_12::pre,R,B cells,386,expressed,386,12386,263237,0.0551,0.545,8.975,10631660
BIOKEY_12::pre,R,B cells,386,hvg,386,212,4293,0.0525,0.545,8.975,176508
BIOKEY_12::pre,R,Cycling cells,11,expressed,11,7008,17806,0.2310,0.533,5.716,768396
BIOKEY_12::pre,R,Cycling cells,11,hvg,11,55,138,0.2281,0.533,5.470,6052
BIOKEY_12::pre,R,DC,58,expressed,58,11076,127959,0.1992,0.332,6.395,5207436
BIOKEY_12::pre,R,DC,58,hvg,58,127,1040,0.1412,0.332,6.270,43084
BIOKEY_12::pre,R,Double-negative thymocytes,4,expressed,4,1057,1449,0.3427,2.621,6.159,66452
BIOKEY_12::pre,R,Double-negative thymocytes,4,hvg,4,18,33,0.4583,2.621,5.594,1500
BIOKEY_12::pre,R,Double-positive thymocytes,60,expressed,60,8765,36486,0.0694,1.102,8.217,1530044
BIOKEY_12::pre,R,Double-positive thymocytes,60,hvg,60,90,595,0.1102,1.102,8.217,25004
BIOKEY_12::pre,R,Endothelial cells,245,expressed,245,13233,510457,0.1574,0.336,7.685,20526108
BIOKEY_12::pre,R,Endothelial cells,245,hvg,245,204,4032,0.0807,0.336,7.685,164876
BIOKEY_12::pre,R,Epithelial cells,731,expressed,731,14174,1739026,0.1678,0.196,8.672,69680284
BIOKEY_12::pre,R,Epithelial cells,731,hvg,731,249,10623,0.0584,0.196,8.672,432764
BIOKEY_12::pre,R,Erythroid,2,expressed,2,557,633,0.5682,2.291,8.691,29796
BIOKEY_12::pre,R,Erythroid,2,hvg,2,14,17,0.6071,2.291,8.691,812
BIOKEY_12::pre,R,Fibroblasts,352,expressed,352,13952,887625,0.1807,0.323,7.192,35619436
BIOKEY_12::pre,R,Fibroblasts,352,hvg,352,224,6435,0.0816,0.323,6.528,262012
BIOKEY_12::pre,R,Granulocytes,1,expressed,1,560,560,1.0000,2.438,5.608,26892
BIOKEY_12::pre,R,Granulocytes,1,hvg,1,14,14,1.0000,2.438,4.992,684
BIOKEY_12::pre,R,HSC/MPP,1,expressed,1,1375,1375,1.0000,1.371,5.386,66012
BIOKEY_12::pre,R,HSC/MPP,1,hvg,1,18,18,1.0000,1.371,5.144,876
BIOKEY_12::pre,R,ILC,332,expressed,332,12704,359280,0.0852,0.632,8.128,14475492
BIOKEY_12::pre,R,ILC,332,hvg,332,180,4211,0.0705,0.632,8.128,172540
BIOKEY_12::pre,R,Macrophages,363,expressed,363,13072,342058,0.0721,0.311,8.824,13789804
BIOKEY_12::pre,R,Macrophages,363,hvg,363,213,4698,0.0608,0.311,8.824,192532
BIOKEY_12::pre,R,Mast cells,85,expressed,85,9179,60405,0.0774,0.865,6.377,2490316
BIOKEY_12::pre,R,Mast cells,85,hvg,85,94,1248,0.1562,0.865,6.214,51356
BIOKEY_12::pre,R,Monocytes,44,expressed,44,9346,42206,0.1026,0.879,8.437,1763364
BIOKEY_12::pre,R,Monocytes,44,hvg,44,111,611,0.1251,0.879,8.437,25684
BIOKEY_12::pre,R,Myelocytes,7,expressed,7,1542,2497,0.2313,2.551,6.923,112276
BIOKEY_12::pre,R,Myelocytes,7,hvg,7,26,63,0.3462,2.551,6.923,2788
BIOKEY_12::pre,R,Plasma cells,201,expressed,201,11264,166712,0.0736,0.219,8.980,6760204
BIOKEY_12::pre,R,Plasma cells,201,hvg,201,201,4200,0.1040,0.219,8.980,171220
BIOKEY_12::pre,R,T cells,2982,expressed,2982,14312,3374611,0.0791,0.255,8.672,135122796
BIOKEY_12::pre,R,T cells,2982,hvg,2982,288,35045,0.0408,0.255,8.672,1427964
BIOKEY_12::pre,R,pDC,12,expressed,12,7458,25264,0.2823,0.831,5.289,1070324
BIOKEY_12::pre,R,pDC,12,hvg,12,55,211,0.3197,0.831,5.210,8980
BIOKEY_14::pre,NR,B cells,726,expressed,726,12782,746766,0.0805,0.453,7.985,29978708
BIOKEY_14::pre,NR,B cells,726,hvg,726,282,10297,0.0503,0.453,7.985,419948
BIOKEY_14::pre,NR,DC,72,expressed,72,10886,95654,0.1220,0.262,8.191,3913828
BIOKEY_14::pre,NR,DC,72,hvg,72,156,1023,0.0911,0.262,8.191,42748
BIOKEY_14::pre,NR,Double-negative thymocytes,2,expressed,2,660,764,0.5788,2.179,5.751,35860
BIOKEY_14::pre,NR,Double-negative thymocytes,2,hvg,2,20,24,0.6000,2.179,5.751,1140
BIOKEY_14::pre,NR,Double-positive thymocytes,19,expressed,19,5800,14142,0.1283,0.684,6.295,612236
BIOKEY_14::pre,NR,Double-positive thymocytes,19,hvg,19,82,264,0.1694,0.684,6.295,11372
BIOKEY_14::pre,NR,Endothelial cells,312,expressed,312,13072,499353,0.1224,0.241,8.558,20081196
BIOKEY_14::pre,NR,Endothelial cells,312,hvg,312,225,4773,0.0680,0.241,8.558,195220
BIOKEY_14::pre,NR,Epithelial cells,150,expressed,150,13176,286448,0.1449,0.271,8.430,11564532
BIOKEY_14::pre,NR,Epithelial cells,150,hvg,150,237,3091,0.0869,0.271,8.430,126740
BIOKEY_14::pre,NR,Erythroid,3,expressed,3,497,657,0.4406,1.302,9.084,30284
BIOKEY_14::pre,NR,Erythroid,3,hvg,3,23,40,0.5797,1.302,9.084,1812
BIOKEY_14::pre,NR,Fibroblasts,269,expressed,269,13443,607103,0.1679,0.229,7.354,24393820
BIOKEY_14::pre,NR,Fibroblasts,269,hvg,269,241,5078,0.0783,0.229,7.354,207204
BIOKEY_14::pre,NR,HSC/MPP,1,expressed,1,2127,2127,1.0000,0.918,5.396,102108
BIOKEY_14::pre,NR,HSC/MPP,1,hvg,1,17,17,1.0000,0.918,5.233,828
BIOKEY_14::pre,NR,ILC,104,expressed,104,11180,110200,0.0948,0.797,7.860,4498276
BIOKEY_14::pre,NR,ILC,104,hvg,104,168,1375,0.0787,0.797,7.860,57180
BIOKEY_14::pre,NR,Macrophages,140,expressed,140,11484,115612,0.0719,0.269,8.516,4717476
BIOKEY_14::pre,NR,Macrophages,140,hvg,140,221,1915,0.0619,0.269,8.516,79492
BIOKEY_14::pre,NR,Mast cells,12,expressed,12,4296,8893,0.1725,1.010,5.917,390188
BIOKEY_14::pre,NR,Mast cells,12,hvg,12,56,193,0.2872,1.010,5.917,8268
BIOKEY_14::pre,NR,Monocytes,30,expressed,30,9107,39643,0.1451,0.535,7.115,1658820
BIOKEY_14::pre,NR,Monocytes,30,hvg,30,141,576,0.1362,0.535,7.115,24412
BIOKEY_14::pre,NR,Myelocytes,10,expressed,10,1714,3030,0.1768,2.504,6.345,134996
BIOKEY_14::pre,NR,Myelocytes,10,hvg,10,48,109,0.2271,2.504,6.345,4828
BIOKEY_14::pre,NR,Plasma cells,69,expressed,69,8577,47187,0.0797,0.130,8.859,1956652
BIOKEY_14::pre,NR,Plasma cells,69,hvg,69,184,1622,0.1278,0.130,8.859,66908
BIOKEY_14::pre,NR,T cells,1242,expressed,1242,13431,1494926,0.0896,0.410,8.597,59914428
BIOKEY_14::pre,NR,T cells,1242,hvg,1242,315,14686,0.0375,0.410,8.597,599900
BIOKEY_14::pre,NR,pDC,24,expressed,24,8820,55471,0.2621,0.604,6.014,2289596
BIOKEY_14::pre,NR,pDC,24,hvg,24,82,441,0.2241,0.604,6.014,18492
BIOKEY_15::pre,R,B cells,268,expressed,268,12129,274411,0.0844,0.407,6.876,11075620
BIOKEY_15::pre,R,B cells,268,hvg,268,229,4017,0.0655,0.407,6.876,164660
BIOKEY_15::pre,R,B-cell lineage,1,expressed,1,313,313,1.0000,3.225,4.983,15036
BIOKEY_15::pre,R,B-cell lineage,1,hvg,1,10,10,1.0000,3.225,4.297,492
BIOKEY_15::pre,R,Cycling cells,15,expressed,15,8592,31702,0.2460,0.241,6.072,1336940
BIOKEY_15::pre,R,Cycling cells,15,hvg,15,79,222,0.1873,0.241,4.868,9636
BIOKEY_15::pre,R,DC,83,expressed,83,11857,185646,0.1886,0.317,7.867,7521364
BIOKEY_15::pre,R,DC,83,hvg,83,181,1628,0.1084,0.317,7.867,67236
BIOKEY_15::pre,R,Double-positive thymocytes,30,expressed,30,6631,20168,0.1014,0.899,6.400,860012
BIOKEY_15::pre,R,Double-positive thymocytes,30,hvg,30,94,442,0.1567,0.899,6.400,18676
BIOKEY_15::pre,R,Endothelial cells,128,expressed,128,12727,303793,0.1865,0.288,8.154,12254564
BIOKEY_15::pre,R,Endothelial cells,128,hvg,128,192,2300,0.0936,0.288,8.154,94564
BIOKEY_15::pre,R,Epithelial cells,639,expressed,639,14569,1140905,0.1226,0.250,7.694,45757868
BIOKEY_15::pre,R,Epithelial cells,639,hvg,639,287,14923,0.0814,0.250,7.694,604332
BIOKEY_15::pre,R,Erythroid,3,expressed,3,1107,1339,0.4032,1.756,9.033,62444
BIOKEY_15::pre,R,Erythroid,3,hvg,3,28,41,0.4881,1.756,9.033,1892
BIOKEY_15::pre,R,Fibroblasts,271,expressed,271,13920,808311,0.2143,0.265,8.476,32445972
BIOKEY_15::pre,R,Fibroblasts,271,hvg,271,241,6077,0.0930,0.265,8.476,247180
BIOKEY_15::pre,R,HSC/MPP,3,expressed,3,1808,2218,0.4089,0.976,6.219,103212
BIOKEY_15::pre,R,HSC/MPP,3,hvg,3,27,41,0.5062,0.976,5.557,1884
BIOKEY_15::pre,R,ILC,170,expressed,170,12149,209212,0.1013,0.259,7.140,8467036
BIOKEY_15::pre,R,ILC,170,hvg,170,186,2491,0.0788,0.259,6.176,102492
BIOKEY_15::pre,R,Macrophages,469,expressed,469,13824,984825,0.1519,0.171,8.254,39507348
BIOKEY_15::pre,R,Macrophages,469,hvg,469,279,11511,0.0880,0.171,8.254,466428
BIOKEY_15::pre,R,Mast cells,1,expressed,1,2633,2633,1.0000,0.876,5.155,126396
BIOKEY_15::pre,R,Mast cells,1,hvg,1,18,18,1.0000,0.876,5.122,876
BIOKEY_15::pre,R,Megakaryocytes/platelets,1,expressed,1,706,706,1.0000,2.301,5.458,33900
BIOKEY_15::pre,R,Megakaryocytes/platelets,1,hvg,1,17,17,1.0000,2.301,5.458,828
BIOKEY_15::pre,R,Monocytes,27,expressed,27,8447,36859,0.1616,0.592,6.182,1542156
BIOKEY_15::pre,R,Monocytes,27,hvg,27,115,467,0.1504,0.592,5.963,19820
BIOKEY_15::pre,R,Myelocytes,5,expressed,5,1063,1486,0.2796,2.998,5.955,67988
BIOKEY_15::pre,R,Myelocytes,5,hvg,5,39,67,0.3436,2.998,5.955,3036
BIOKEY_15::pre,R,Plasma cells,241,expressed,241,12688,473746,0.1549,0.107,8.901,19053276
BIOKEY_15::pre,R,Plasma cells,241,hvg,241,287,9348,0.1352,0.107,8.901,378148
BIOKEY_15::pre,R,T cells,1377,expressed,1377,14040,1970225,0.1019,0.255,8.296,78932340
BIOKEY_15::pre,R,T cells,1377,hvg,1377,310,18646,0.0437,0.255,8.296,759340
BIOKEY_15::pre,R,pDC,16,expressed,16,8872,42247,0.2976,0.453,6.303,1760988
BIOKEY_15::pre,R,pDC,16,hvg,16,72,302,0.2622,0.453,6.303,12788
BIOKEY_5::pre,R,B cells,312,expressed,312,11522,307635,0.0856,0.227,8.830,12400076
BIOKEY_5::pre,R,B cells,312,hvg,312,197,4537,0.0738,0.227,8.830,185556
BIOKEY_5::pre,R,Cycling cells,7,expressed,7,6670,13912,0.2980,0.220,6.312,609900
BIOKEY_5::pre,R,Cycling cells,7,hvg,7,39,87,0.3187,0.220,5.032,3852
BIOKEY_5::pre,R,DC,47,expressed,47,10227,69664,0.1449,0.348,7.047,2868756
BIOKEY_5::pre,R,DC,47,hvg,47,127,751,0.1258,0.348,6.645,31436
BIOKEY_5::pre,R,Double-positive thymocytes,4,expressed,4,1001,1413,0.3529,2.815,5.378,64564
BIOKEY_5::pre,R,Double-positive thymocytes,4,hvg,4,18,30,0.4167,2.815,5.144,1380
BIOKEY_5::pre,R,Endothelial cells,45,expressed,45,11082,91298,0.1831,0.413,8.897,3740940
BIOKEY_5::pre,R,Endothelial cells,45,hvg,45,134,850,0.1410,0.413,8.897,35436
BIOKEY_5::pre,R,Epithelial cells,142,expressed,142,13017,603167,0.3263,0.235,7.731,24231956
BIOKEY_5::pre,R,Epithelial cells,142,hvg,142,198,3085,0.1097,0.235,7.731,126124
BIOKEY_5::pre,R,Erythroid,6,expressed,6,823,1338,0.2710,1.326,8.975,60156
BIOKEY_5::pre,R,Erythroid,6,hvg,6,43,85,0.3295,1.326,8.975,3796
BIOKEY_5::pre,R,Fibroblasts,26,expressed,26,10676,67796,0.2442,0.447,6.949,2797460
BIOKEY_5::pre,R,Fibroblasts,26,hvg,26,119,608,0.1965,0.447,6.949,25484
BIOKEY_5::pre,R,ILC,54,expressed,54,9320,65850,0.1308,0.849,7.029,2708996
BIOKEY_5::pre,R,ILC,54,hvg,54,101,676,0.1239,0.849,7.029,28284
BIOKEY_5::pre,R,Macrophages,18,expressed,18,5703,12702,0.1237,0.602,8.896,553852
BIOKEY_5::pre,R,Macrophages,18,hvg,18,72,218,0.1682,0.602,8.896,9444
BIOKEY_5::pre,R,Mast cells,212,expressed,212,11321,351343,0.1464,0.683,7.711,14145988
BIOKEY_5::pre,R,Mast cells,212,hvg,212,152,4018,0.1247,0.683,7.711,163636
BIOKEY_5::pre,R,Monocytes,13,expressed,13,7335,24587,0.2578,0.580,6.137,1042268
BIOKEY_5::pre,R,Monocytes,13,hvg,13,75,272,0.2790,0.580,6.137,11588
BIOKEY_5::pre,R,Plasma cells,227,expressed,227,11379,310342,0.1201,0.167,8.943,12506532
BIOKEY_5::pre,R,Plasma cells,227,hvg,227,228,7260,0.1403,0.167,8.943,294044
BIOKEY_5::pre,R,T cells,1988,expressed,1988,13182,2598185,0.0991,0.363,8.822,104048764
BIOKEY_5::pre,R,T cells,1988,hvg,1988,269,24673,0.0461,0.363,8.822,1004980
BIOKEY_5::pre,R,pDC,20,expressed,20,8469,44517,0.2628,0.641,7.175,1848596
BIOKEY_5::pre,R,pDC,20,hvg,20,75,373,0.2487,0.641,7.175,15684
BIOKEY_6::pre,NR,B cells,454,expressed,454,12508,219729,0.0387,0.559,8.957,8892860
BIOKEY_6::pre,NR,B cells,454,hvg,454,219,4175,0.0420,0.559,8.957,172388
BIOKEY_6::pre,NR,Cycling cells,1,expressed,1,915,915,1.0000,1.930,5.213,43932
BIOKEY_6::pre,NR,Cycling cells,1,hvg,1,8,8,1.0000,1.930,4.727,396
BIOKEY_6::pre,NR,DC,48,expressed,48,10776,86459,0.1672,0.352,6.770,3544956
BIOKEY_6::pre,NR,DC,48,hvg,48,122,688,0.1175,0.352,6.770,28884
BIOKEY_6::pre,NR,Double-negative thymocytes,7,expressed,7,1619,2524,0.2227,2.107,5.800,113972
BIOKEY_6::pre,NR,Double-negative thymocytes,7,hvg,7,29,64,0.3153,2.107,5.425,2852
BIOKEY_6::pre,NR,Double-positive thymocytes,41,expressed,41,7619,23655,0.0757,1.100,8.892,1007484
BIOKEY_6::pre,NR,Double-positive thymocytes,41,hvg,41,75,403,0.1311,1.100,8.892,17052
BIOKEY_6::pre,NR,Endothelial cells,197,expressed,197,13463,503023,0.1897,0.322,8.355,20230204
BIOKEY_6::pre,NR,Endothelial cells,197,hvg,197,189,3209,0.0862,0.322,8.355,131452
BIOKEY_6::pre,NR,Epithelial cells,1486,expressed,1486,14973,3975939,0.1787,0.228,8.886,159169236
BIOKEY_6::pre,NR,Epithelial cells,1486,hvg,1486,309,24698,0.0538,0.228,8.886,1002284
BIOKEY_6::pre,NR,Erythroid,9,expressed,9,1498,2338,0.1734,1.487,8.989,105580
BIOKEY_6::pre,NR,Erythroid,9,hvg,9,25,82,0.3644,1.487,8.989,3556
BIOKEY_6::pre,NR,Fibroblasts,512,expressed,512,14368,1413843,0.1922,0.251,7.892,56672764
BIOKEY_6::pre,NR,Fibroblasts,512,hvg,512,253,8988,0.0694,0.251,5.936,365644
BIOKEY_6::pre,NR,HSC/MPP,3,expressed,3,1265,1584,0.4174,2.299,5.373,73508
BIOKEY_6::pre,NR,HSC/MPP,3,hvg,3,17,28,0.5490,2.299,5.072,1284
BIOKEY_6::pre,NR,ILC,199,expressed,199,11700,123548,0.0531,0.720,8.639,5037116
BIOKEY_6::pre,NR,ILC,199,hvg,199,176,1943,0.0555,0.720,8.639,80724
BIOKEY_6::pre,NR,Macrophages,1118,expressed,1118,14000,789496,0.0504,0.209,8.961,31700788
BIOKEY_6::pre,NR,Macrophages,1118,hvg,1118,282,11596,0.0368,0.209,8.961,475044
BIOKEY_6::pre,NR,Mast cells,40,expressed,40,8407,40791,0.1213,0.732,6.276,1699220
BIOKEY_6::pre,NR,Mast cells,40,hvg,40,74,610,0.2061,0.732,6.276,25316
BIOKEY_6::pre,NR,Megakaryocytes/platelets,1,expressed,1,609,609,1.0000,2.433,5.120,29244
BIOKEY_6::pre,NR,Megakaryocytes/platelets,1,hvg,1,16,16,1.0000,2.433,5.056,780
BIOKEY_6::pre,NR,Mono-mac,2,expressed,2,2414,2759,0.5715,1.280,5.564,129692
BIOKEY_6::pre,NR,Mono-mac,2,hvg,2,22,29,0.6591,1.280,4.792,1356
BIOKEY_6::pre,NR,Monocytes,33,expressed,33,7721,24896,0.0977,0.776,8.704,1057876
BIOKEY_6::pre,NR,Monocytes,33,hvg,33,89,381,0.1297,0.776,8.704,16220
BIOKEY_6::pre,NR,Myelocytes,16,expressed,16,2711,5413,0.1248,2.250,7.278,238340
BIOKEY_6::pre,NR,Myelocytes,16,hvg,16,34,122,0.2243,2.250,7.278,5284
BIOKEY_6::pre,NR,Plasma cells,83,expressed,83,8070,36904,0.0551,0.324,8.826,1541388
BIOKEY_6::pre,NR,Plasma cells,83,hvg,83,160,1238,0.0932,0.324,8.826,51468
BIOKEY_6::pre,NR,T cells,1096,expressed,1096,13845,1216857,0.0802,0.599,8.811,48793812
BIOKEY_6::pre,NR,T cells,1096,hvg,1096,280,11485,0.0374,0.599,8.811,470412
BIOKEY_6::pre,NR,pDC,1,expressed,1,612,612,1.0000,2.096,5.657,29388
BIOKEY_6::pre,NR,pDC,1,hvg,1,12,12,1.0000,2.096,5.016,588
BIOKEY_7::pre,NR,B cells,17,expressed,17,6101,14754,0.1423,1.069,7.144,639108
BIOKEY_7::pre,NR,B cells,17,hvg,17,61,228,0.2199,1.069,5.952,9748
BIOKEY_7::pre,NR,DC,3,expressed,3,5879,9209,0.5221,0.305,6.212,415420
BIOKEY_7::pre,NR,DC,3,hvg,3,41,61,0.4959,0.305,6.212,2796
BIOKEY_7::pre,NR,Double-positive thymocytes,2,expressed,2,2024,2426,0.5993,1.258,5.948,113252
BIOKEY_7::pre,NR,Double-positive thymocytes,2,hvg,2,16,24,0.7500,1.258,5.433,1108
BIOKEY_7::pre,NR,Endothelial cells,7,expressed,7,7645,18803,0.3514,0.369,5.553,813340
BIOKEY_7::pre,NR,Endothelial cells,7,hvg,7,38,126,0.4737,0.369,5.553,5404
BIOKEY_7::pre,NR,Epithelial cells,472,expressed,472,13619,1966443,0.3059,0.155,7.190,78770452
BIOKEY_7::pre,NR,Epithelial cells,472,hvg,472,162,9669,0.1265,0.155,7.190,391836
BIOKEY_7::pre,NR,Erythroid,1,expressed,1,239,239,1.0000,1.665,8.824,11484
BIOKEY_7::pre,NR,Erythroid,1,hvg,1,9,9,1.0000,2.629,8.824,444
BIOKEY_7::pre,NR,Fibroblasts,100,expressed,100,12272,275585,0.2246,0.276,6.676,11122380
BIOKEY_7::pre,NR,Fibroblasts,100,hvg,100,92,1709,0.1858,0.276,6.440,69900
BIOKEY_7::pre,NR,HSC/MPP,1,expressed,1,863,863,1.0000,1.597,5.623,41436
BIOKEY_7::pre,NR,HSC/MPP,1,hvg,1,12,12,1.0000,1.597,4.712,588
BIOKEY_7::pre,NR,ILC,14,expressed,14,6624,15983,0.1723,0.435,6.720,692428
BIOKEY_7::pre,NR,ILC,14,hvg,14,53,169,0.2278,0.435,6.131,7300
BIOKEY_7::pre,NR,Macrophages,70,expressed,70,11554,99365,0.1229,0.193,8.291,4067596
BIOKEY_7::pre,NR,Macrophages,70,hvg,70,95,1044,0.1570,0.193,8.291,43084
BIOKEY_7::pre,NR,Mast cells,10,expressed,10,5416,11962,0.2209,0.945,6.590,521892
BIOKEY_7::pre,NR,Mast cells,10,hvg,10,37,165,0.4459,0.945,6.272,6980
BIOKEY_7::pre,NR,Monocytes,15,expressed,15,7651,24824,0.2163,0.514,6.573,1054292
BIOKEY_7::pre,NR,Monocytes,15,hvg,15,53,305,0.3836,0.514,6.573,12748
BIOKEY_7::pre,NR,Plasma cells,4,expressed,4,3343,4286,0.3205,0.374,8.762,198220
BIOKEY_7::pre,NR,Plasma cells,4,hvg,4,34,57,0.4191,0.374,8.762,2588
BIOKEY_7::pre,NR,T cells,95,expressed,95,10364,96927,0.0984,0.788,7.519,3960756
BIOKEY_7::pre,NR,T cells,95,hvg,95,82,1035,0.1329,0.788,7.519,42820
BIOKEY_8::pre,NR,B cells,8,expressed,8,5529,10060,0.2274,0.640,6.860,446700
BIOKEY_8::pre,NR,B cells,8,hvg,8,38,90,0.2961,0.640,6.860,3972
BIOKEY_8::pre,NR,Cycling cells,1,expressed,1,4171,4171,1.0000,0.444,5.343,200220
BIOKEY_8::pre,NR,Cycling cells,1,hvg,1,14,14,1.0000,0.444,3.796,684
BIOKEY_8::pre,NR,DC,4,expressed,4,3625,4779,0.3296,0.485,6.333,220196
BIOKEY_8::pre,NR,DC,4,hvg,4,21,39,0.4643,0.485,6.128,1764
BIOKEY_8::pre,NR,Double-positive thymocytes,4,expressed,4,1676,2135,0.3185,1.897,6.158,98844
BIOKEY_8::pre,NR,Double-positive thymocytes,4,hvg,4,17,28,0.4118,1.897,6.158,1292
BIOKEY_8::pre,NR,Endothelial cells,18,expressed,18,8376,33404,0.2216,0.576,5.774,1403316
BIOKEY_8::pre,NR,Endothelial cells,18,hvg,18,35,235,0.3730,0.576,5.774,9828
BIOKEY_8::pre,NR,Epithelial cells,11,expressed,11,6585,16697,0.2305,0.479,8.012,720652
BIOKEY_8::pre,NR,Epithelial cells,11,hvg,11,41,119,0.2639,0.479,8.012,5180
BIOKEY_8::pre,NR,Fibroblasts,4,expressed,4,4786,7463,0.3898,0.850,6.930,336844
BIOKEY_8::pre,NR,Fibroblasts,4,hvg,4,28,50,0.4464,0.850,6.930,2260
BIOKEY_8::pre,NR,ILC,28,expressed,28,7901,36849,0.1666,0.776,7.031,1537396
BIOKEY_8::pre,NR,ILC,28,hvg,28,44,275,0.2232,0.776,7.031,11580
BIOKEY_8::pre,NR,Macrophages,74,expressed,74,9760,109188,0.1512,0.314,7.979,4446196
BIOKEY_8::pre,NR,Macrophages,74,hvg,74,84,1394,0.2243,0.314,7.979,57028
BIOKEY_8::pre,NR,Monocytes,30,expressed,30,8989,60586,0.2247,0.502,6.578,2495596
BIOKEY_8::pre,NR,Monocytes,30,hvg,30,72,638,0.2954,0.502,6.578,26340
BIOKEY_8::pre,NR,Plasma cells,10,expressed,10,5381,12560,0.2334,0.286,8.968,545532
BIOKEY_8::pre,NR,Plasma cells,10,hvg,10,45,202,0.4489,0.286,8.968,8524
BIOKEY_8::pre,NR,T cells,171,expressed,171,10240,236397,0.1350,0.662,7.577,9539172
BIOKEY_8::pre,NR,T cells,171,hvg,171,81,1684,0.1216,0.662,6.980,69380
BIOKEY_8::pre,NR,pDC,2,expressed,2,4061,5531,0.6810,0.701,5.497,253748
BIOKEY_8::pre,NR,pDC,2,hvg,2,18,30,0.8333,0.701,5.497,1364
BIOKEY_9::pre,NR,B cells,1017,expressed,1017,13324,494449,0.0365,0.451,8.986,19892692
BIOKEY_9::pre,NR,B cells,1017,hvg,1017,305,14588,0.0470,0.451,8.986,594100
BIOKEY_9::pre,NR,DC,60,expressed,60,11251,109906,0.1628,0.190,8.747,4486732
BIOKEY_9::pre,NR,DC,60,hvg,60,143,1061,0.1237,0.190,8.747,44068
BIOKEY_9::pre,NR,DC precursor,1,expressed,1,487,487,1.0000,2.815,5.466,23388
BIOKEY_9::pre,NR,DC precursor,1,hvg,1,14,14,1.0000,2.815,5.466,684
BIOKEY_9::pre,NR,Double-negative thymocytes,6,expressed,6,1207,1807,0.2495,2.982,5.885,81988
BIOKEY_9::pre,NR,Double-negative thymocytes,6,hvg,6,37,87,0.3919,2.982,5.321,3828
BIOKEY_9::pre,NR,Double-positive thymocytes,26,expressed,26,7012,17330,0.0951,0.643,8.449,749508
BIOKEY_9::pre,NR,Double-positive thymocytes,26,hvg,26,91,376,0.1589,0.643,8.449,15980
BIOKEY_9::pre,NR,Endothelial cells,54,expressed,54,11651,116335,0.1849,0.287,8.895,4747044
BIOKEY_9::pre,NR,Endothelial cells,54,hvg,54,123,900,0.1355,0.287,8.895,37420
BIOKEY_9::pre,NR,Epithelial cells,277,expressed,277,14157,822960,0.2099,0.250,8.607,33033876
BIOKEY_9::pre,NR,Epithelial cells,277,hvg,277,254,6901,0.0981,0.250,8.607,280292
BIOKEY_9::pre,NR,Erythrocytes,2,expressed,2,840,947,0.5637,2.569,8.397,44620
BIOKEY_9::pre,NR,Erythrocytes,2,hvg,2,23,30,0.6522,2.569,8.397,1404
BIOKEY_9::pre,NR,Erythroid,23,expressed,23,2263,4907,0.0943,1.627,9.059,214572
BIOKEY_9::pre,NR,Erythroid,23,hvg,23,66,291,0.1917,1.627,9.059,12356
BIOKEY_9::pre,NR,Fibroblasts,191,expressed,191,13611,572832,0.2203,0.226,8.670,23023700
BIOKEY_9::pre,NR,Fibroblasts,191,hvg,191,208,3981,0.1002,0.226,8.670,162436
BIOKEY_9::pre,NR,ILC,75,expressed,75,10827,62297,0.0767,0.469,8.949,2579100
BIOKEY_9::pre,NR,ILC,75,hvg,75,154,1083,0.0938,0.469,8.949,45156
BIOKEY_9::pre,NR,MNP,1,expressed,1,458,458,1.0000,2.732,5.156,21996
BIOKEY_9::pre,NR,MNP,1,hvg,1,22,22,1.0000,2.732,4.870,1068
BIOKEY_9::pre,NR,Macrophages,318,expressed,318,12963,281044,0.0682,0.234,9.041,11348012
BIOKEY_9::pre,NR,Macrophages,318,hvg,318,252,5274,0.0658,0.234,9.041,215524
BIOKEY_9::pre,NR,Mast cells,15,expressed,15,5051,11444,0.1510,0.783,8.168,498292
BIOKEY_9::pre,NR,Mast cells,15,hvg,15,67,271,0.2697,0.783,8.168,11500
BIOKEY_9::pre,NR,Mono-mac,1,expressed,1,392,392,1.0000,2.823,5.655,18828
BIOKEY_9::pre,NR,Mono-mac,1,hvg,1,12,12,1.0000,2.823,5.655,588
BIOKEY_9::pre,NR,Monocytes,25,expressed,25,7630,25275,0.1325,0.812,8.922,1072244
BIOKEY_9::pre,NR,Monocytes,25,hvg,25,105,496,0.1890,0.812,8.922,20884
BIOKEY_9::pre,NR,Myelocytes,27,expressed,27,3567,8301,0.0862,2.160,8.993,360796
BIOKEY_9::pre,NR,Myelocytes,27,hvg,27,95,398,0.1552,2.160,8.993,16900
BIOKEY_9::pre,NR,Plasma cells,25,expressed,25,6466,17190,0.1063,0.240,8.625,739532
BIOKEY_9::pre,NR,Plasma cells,25,hvg,25,128,489,0.1528,0.240,8.625,20788
BIOKEY_9::pre,NR,T cells,993,expressed,993,13460,535722,0.0401,0.731,9.039,21544508
BIOKEY_9::pre,NR,T cells,993,hvg,993,295,13589,0.0464,0.731,9.039,553868
BIOKEY_9::pre,NR,pDC,10,expressed,10,4989,11068,0.2218,1.377,7.308,482716
BIOKEY_9::pre,NR,pDC,10,hvg,10,51,158,0.3098,1.377,7.308,6812
10X_HEN061,NR,B cells,661,expressed,661,13903,481808,0.0524,0.215,8.012,19388836
10X_HEN061,NR,B cells,661,hvg,661,338,8046,0.0360,0.215,8.012,329836
10X_HEN061,NR,B-cell lineage,5,expressed,5,8645,20796,0.4811,0.285,6.027,901044
10X_HEN061,NR,B-cell lineage,5,hvg,5,70,169,0.4829,0.285,6.027,7364
10X_HEN061,NR,Cycling cells,11,expressed,11,7804,20900,0.2435,0.287,6.604,898524
10X_HEN061,NR,Cycling cells,11,hvg,11,60,150,0.2273,0.287,6.604,6572
10X_HEN061,NR,DC,297,expressed,297,13668,619276,0.1526,0.264,7.803,24882764
10X_HEN061,NR,DC,297,hvg,297,256,5184,0.0682,0.264,7.803,211788
10X_HEN061,NR,DC precursor,1,expressed,1,561,561,1.0000,2.779,4.803,26940
10X_HEN061,NR,DC precursor,1,hvg,1,11,11,1.0000,2.779,4.338,540
10X_HEN061,NR,Double-negative thymocytes,19,expressed,19,3897,7652,0.1033,1.956,6.736,337412
10X_HEN061,NR,Double-negative thymocytes,19,hvg,19,64,207,0.1702,1.956,6.736,8948
10X_HEN061,NR,Double-positive thymocytes,32,expressed,32,7690,22701,0.0923,0.781,6.297,969820
10X_HEN061,NR,Double-positive thymocytes,32,hvg,32,117,453,0.1210,0.781,6.204,19316
10X_HEN061,NR,Early MK,1,expressed,1,2092,2092,1.0000,1.035,6.222,100428
10X_HEN061,NR,Early MK,1,hvg,1,9,9,1.0000,1.035,4.139,444
10X_HEN061,NR,Endothelial cells,473,expressed,473,14616,1096638,0.1586,0.278,7.310,43986236
10X_HEN061,NR,Endothelial cells,473,hvg,473,263,8301,0.0667,0.278,7.310,337932
10X_HEN061,NR,Epithelial cells,1824,expressed,1824,16116,4175577,0.1420,0.140,8.330,167166604
10X_HEN061,NR,Epithelial cells,1824,hvg,1824,337,43796,0.0712,0.140,8.330,1769132
10X_HEN061,NR,Erythroid,13,expressed,13,4063,6575,0.1245,0.664,6.510,295612
10X_HEN061,NR,Erythroid,13,hvg,13,61,142,0.1791,0.664,6.510,6276
10X_HEN061,NR,Fibroblasts,2772,expressed,2772,16277,8385283,0.1858,0.202,7.340,335563716
10X_HEN061,NR,Fibroblasts,2772,hvg,2772,362,56570,0.0564,0.202,7.340,2287876
10X_HEN061,NR,HSC/MPP,5,expressed,5,3000,4070,0.2713,0.747,5.215,186844
10X_HEN061,NR,HSC/MPP,5,hvg,5,28,49,0.3500,0.747,4.593,2228
10X_HEN061,NR,ILC,227,expressed,227,13105,249199,0.0838,0.425,6.763,10074620
10X_HEN061,NR,ILC,227,hvg,227,223,2731,0.0539,0.425,6.763,112844
10X_HEN061,NR,MNP,2,expressed,2,1931,2056,0.5324,1.008,5.344,97708
10X_HEN061,NR,MNP,2,hvg,2,23,26,0.5652,1.008,4.656,1244
10X_HEN061,NR,Macrophages,3014,expressed,3014,15587,4810156,0.1024,0.205,8.188,192555052
10X_HEN061,NR,Macrophages,3014,hvg,3014,333,61163,0.0609,0.205,8.188,2473300
10X_HEN061,NR,Mast cells,21,expressed,21,8333,32077,0.1833,0.595,6.604,1349916
10X_HEN061,NR,Mast cells,21,hvg,21,78,370,0.2259,0.595,6.604,15596
10X_HEN061,NR,Mono-mac,12,expressed,12,4702,8640,0.1531,0.923,6.856,383316
10X_HEN061,NR,Mono-mac,12,hvg,12,84,210,0.2083,0.923,6.856,9172
10X_HEN061,NR,Monocytes,711,expressed,711,12365,509102,0.0579,0.474,8.062,20468692
10X_HEN061,NR,Monocytes,711,hvg,711,204,13030,0.0898,0.474,8.062,528524
10X_HEN061,NR,Myelocytes,60,expressed,60,5321,16156,0.0506,2.204,7.217,689292
10X_HEN061,NR,Myelocytes,60,hvg,60,101,664,0.1096,2.204,7.217,27852
10X_HEN061,NR,Plasma cells,104,expressed,104,11498,130628,0.1092,0.185,8.874,5317940
10X_HEN061,NR,Plasma cells,104,hvg,104,286,2429,0.0817,0.185,8.874,100284
10X_HEN061,NR,T cells,2881,expressed,2881,15247,2953223,0.0672,0.298,8.365,118273948
10X_HEN061,NR,T cells,2881,hvg,2881,374,29387,0.0273,0.298,8.365,1201524
10X_HEN061,NR,pDC,39,expressed,39,9943,89038,0.2296,0.435,6.296,3641380
10X_HEN061,NR,pDC,39,hvg,39,84,566,0.1728,0.435,5.625,23628
10X_HEN074,NR,B cells,4527,expressed,4527,15150,5323156,0.0776,0.190,8.852,213083660
10X_HEN074,NR,B cells,4527,hvg,4527,418,57409,0.0303,0.190,8.852,2335924
10X_HEN074,NR,B-cell lineage,5,expressed,5,4100,5854,0.2856,0.735,5.847,267004
10X_HEN074,NR,B-cell lineage,5,hvg,5,51,96,0.3765,0.735,5.515,4292
10X_HEN074,NR,Cycling cells,23,expressed,23,9028,43541,0.2097,0.438,5.973,1814052
10X_HEN074,NR,Cycling cells,23,hvg,23,76,282,0.1613,0.438,5.970,12076
10X_HEN074,NR,DC,814,expressed,814,14168,1327940,0.1151,0.192,8.599,53237460
10X_HEN074,NR,DC,814,hvg,814,307,11827,0.0473,0.192,8.599,482052
10X_HEN074,NR,DC precursor,3,expressed,3,1057,1319,0.4160,2.655,5.856,61244
10X_HEN074,NR,DC precursor,3,hvg,3,21,39,0.6190,2.655,5.856,1756
10X_HEN074,NR,Double-negative thymocytes,16,expressed,16,2995,5894,0.1230,2.028,6.983,259852
10X_HEN074,NR,Double-negative thymocytes,16,hvg,16,56,179,0.1998,2.028,6.983,7740
10X_HEN074,NR,Double-positive thymocytes,88,expressed,88,9989,51129,0.0582,0.687,8.460,2125780
10X_HEN074,NR,Double-positive thymocytes,88,hvg,88,174,1037,0.0677,0.687,8.460,43580
10X_HEN074,NR,ETP,1,expressed,1,1726,1726,1.0000,1.180,5.260,82860
10X_HEN074,NR,ETP,1,hvg,1,11,11,1.0000,1.180,4.049,540
10X_HEN074,NR,Endothelial cells,449,expressed,449,14042,1001067,0.1588,0.290,8.846,40158612
10X_HEN074,NR,Endothelial cells,449,hvg,449,257,6838,0.0593,0.290,8.846,279172
10X_HEN074,NR,Epithelial cells,1758,expressed,1758,15995,3476537,0.1236,0.110,8.320,139203508
10X_HEN074,NR,Epithelial cells,1758,hvg,1758,364,39281,0.0614,0.110,8.320,1588220
10X_HEN074,NR,Erythroid,25,expressed,25,4360,9656,0.0886,1.963,8.901,421324
10X_HEN074,NR,Erythroid,25,hvg,25,94,321,0.1366,1.963,8.901,13796
10X_HEN074,NR,Fibroblasts,1860,expressed,1860,15854,5265350,0.1786,0.201,8.843,210755716
10X_HEN074,NR,Fibroblasts,1860,hvg,1860,378,38116,0.0542,0.201,8.843,1542548
10X_HEN074,NR,Granulocytes,1,expressed,1,563,563,1.0000,2.284,5.360,27036
10X_HEN074,NR,Granulocytes,1,hvg,1,15,15,1.0000,2.284,5.273,732
10X_HEN074,NR,HSC/MPP,8,expressed,8,5431,9555,0.2199,0.508,5.968,425716
10X_HEN074,NR,HSC/MPP,8,hvg,8,51,104,0.2549,0.508,5.968,4636
10X_HEN074,NR,ILC,428,expressed,428,13595,496355,0.0853,0.304,7.901,19966388
10X_HEN074,NR,ILC,428,hvg,428,278,4825,0.0406,0.304,7.901,198652
10X_HEN074,NR,MNP,1,expressed,1,266,266,1.0000,3.204,6.056,12780
10X_HEN074,NR,MNP,1,hvg,1,7,7,1.0000,3.204,6.056,348
10X_HEN074,NR,Macrophages,2475,expressed,2475,14979,2979305,0.0804,0.198,8.563,119311836
10X_HEN074,NR,Macrophages,2475,hvg,2475,375,42117,0.0454,0.198,8.563,1707484
10X_HEN074,NR,Mast cells,98,expressed,98,10350,101976,0.1005,0.423,7.366,4162628
10X_HEN074,NR,Mast cells,98,hvg,98,114,1491,0.1335,0.423,7.366,61340
10X_HEN074,NR,Megakaryocytes/platelets,2,expressed,2,579,680,0.5872,2.494,6.194,31852
10X_HEN074,NR,Megakaryocytes/platelets,2,hvg,2,13,22,0.8462,2.494,6.194,1004
10X_HEN074,NR,Mono-mac,31,expressed,31,5898,17842,0.0976,1.179,7.004,761116
10X_HEN074,NR,Mono-mac,31,hvg,31,97,533,0.1773,1.179,7.004,22348
10X_HEN074,NR,Monocyte precursor,3,expressed,3,1037,1352,0.4346,2.648,6.073,62404
10X_HEN074,NR,Monocyte precursor,3,hvg,3,19,43,0.7544,2.648,5.989,1900
10X_HEN074,NR,Monocytes,649,expressed,649,12521,713965,0.0879,0.532,8.650,28663964
10X_HEN074,NR,Monocytes,649,hvg,649,254,12314,0.0747,0.532,8.650,499788
10X_HEN074,NR,Myelocytes,88,expressed,88,5890,24427,0.0471,2.264,7.676,1024908
10X_HEN074,NR,Myelocytes,88,hvg,88,135,923,0.0777,2.264,7.676,38708
10X_HEN074,NR,Plasma cells,689,expressed,689,12939,781217,0.0876,0.142,9.021,31357708
10X_HEN074,NR,Plasma cells,689,hvg,689,357,16023,0.0651,0.142,9.021,649292
10X_HEN074,NR,T cells,10996,expressed,10996,15845,13501911,0.0775,0.220,8.868,540291172
10X_HEN074,NR,T cells,10996,hvg,10996,441,103699,0.0214,0.220,8.868,4239460
10X_HEN074,NR,pDC,261,expressed,261,11927,519613,0.1669,0.578,6.735,20882028
10X_HEN074,NR,pDC,261,hvg,261,182,3541,0.0745,0.578,6.735,145188
10X_HEN074,NR,pDC precursor,1,expressed,1,441,441,1.0000,2.829,6.235,21180
10X_HEN074,NR,pDC precursor,1,hvg,1,6,6,1.0000,2.829,6.235,300
10X_HEN004,R,B cells,794,expressed,794,13348,947607,0.0894,0.136,8.754,38017420
10X_HEN004,R,B cells,794,hvg,794,292,9097,0.0392,0.136,8.754,372572
10X_HEN004,R,Cycling cells,2,expressed,2,1776,1956,0.5507,1.070,5.672,92468
10X_HEN004,R,Cycling cells,2,hvg,2,15,21,0.7000,1.070,5.672,980
10X_HEN004,R,DC,67,expressed,67,11044,108477,0.1466,0.302,6.929,4427972
10X_HEN004,R,DC,67,hvg,67,117,870,0.1110,0.302,6.576,36276
10X_HEN004,R,Double-negative thymocytes,1,expressed,1,557,557,1.0000,2.237,6.798,26748
10X_HEN004,R,Double-negative thymocytes,1,hvg,1,11,11,1.0000,2.237,6.520,540
10X_HEN004,R,Double-positive thymocytes,28,expressed,28,8421,35966,0.1525,0.572,6.264,1506236
10X_HEN004,R,Double-positive thymocytes,28,hvg,28,81,396,0.1746,0.572,6.264,16716
10X_HEN004,R,Endothelial cells,241,expressed,241,12294,281587,0.0950,0.373,8.673,11363764
10X_HEN004,R,Endothelial cells,241,hvg,241,143,3259,0.0946,0.373,8.673,133436
10X_HEN004,R,Epithelial cells,115,expressed,115,12974,189961,0.1273,0.143,9.024,7703156
10X_HEN004,R,Epithelial cells,115,hvg,115,222,2591,0.1015,0.143,9.024,106340
10X_HEN004,R,Fibroblasts,864,expressed,864,13771,1275546,0.1072,0.389,8.793,51138924
10X_HEN004,R,Fibroblasts,864,hvg,864,231,15738,0.0789,0.389,8.793,638284
10X_HEN004,R,ILC,65,expressed,65,10168,64872,0.0982,0.676,7.050,2676748
10X_HEN004,R,ILC,65,hvg,65,103,729,0.1089,0.676,7.050,30508
10X_HEN004,R,Macrophages,120,expressed,120,11038,107982,0.0815,0.316,7.939,4408548
10X_HEN004,R,Macrophages,120,hvg,120,197,1694,0.0717,0.316,7.939,70300
10X_HEN004,R,Mast cells,3,expressed,3,1817,2372,0.4351,1.475,6.865,109444
10X_HEN004,R,Mast cells,3,hvg,3,21,41,0.6508,1.475,6.540,1836
10X_HEN004,R,Megakaryocytes/platelets,1,expressed,1,258,258,1.0000,3.244,5.772,12396
10X_HEN004,R,Megakaryocytes/platelets,1,hvg,1,10,10,1.0000,3.244,5.772,492
10X_HEN004,R,Mono-mac,2,expressed,2,1052,1154,0.5485,1.961,6.074,54596
10X_HEN004,R,Mono-mac,2,hvg,2,18,23,0.6389,1.961,6.074,1084
10X_HEN004,R,Monocytes,59,expressed,59,8358,48884,0.0991,0.639,6.935,2022700
10X_HEN004,R,Monocytes,59,hvg,59,113,945,0.1417,0.639,6.935,39180
10X_HEN004,R,Myelocytes,12,expressed,12,5011,9980,0.1660,0.619,7.563,439388
10X_HEN004,R,Myelocytes,12,hvg,12,62,153,0.2056,0.619,7.563,6716
10X_HEN004,R,Plasma cells,76,expressed,76,9526,86874,0.1200,0.219,8.950,3551780
10X_HEN004,R,Plasma cells,76,hvg,76,181,1731,0.1258,0.219,8.950,71300
10X_HEN004,R,T cells,1432,expressed,1432,13395,1540272,0.0803,0.217,8.480,61729500
10X_HEN004,R,T cells,1432,hvg,1432,299,12416,0.0290,0.217,8.480,510492
10X_HEN004,R,pDC,11,expressed,11,6517,19559,0.2728,0.698,6.164,834588
10X_HEN004,R,pDC,11,hvg,11,27,133,0.4478,0.699,6.164,5628
10X_HEN079,R,B cells,3565,expressed,3565,14263,1486055,0.0292,0.245,8.692,59584828
10X_HEN079,R,B cells,3565,hvg,3565,348,26845,0.0216,0.245,8.692,1105108
10X_HEN079,R,B-cell lineage,1,expressed,1,401,401,1.0000,2.755,6.247,19260
10X_HEN079,R,B-cell lineage,1,hvg,1,16,16,1.0000,2.755,6.247,780
10X_HEN079,R,Cycling cells,29,expressed,29,8771,37938,0.1492,0.366,6.943,1587924
10X_HEN079,R,Cycling cells,29,hvg,29,77,286,0.1281,0.366,6.943,12292
10X_HEN079,R,DC,503,expressed,503,13259,635263,0.0953,0.325,7.677,25520620
10X_HEN079,R,DC,503,hvg,503,219,6258,0.0568,0.325,7.677,256100
10X_HEN079,R,DC precursor,2,expressed,2,572,633,0.5533,3.046,5.774,29916
10X_HEN079,R,DC precursor,2,hvg,2,12,16,0.6667,3.046,5.487,756
10X_HEN079,R,Double-negative thymocytes,18,expressed,18,3307,6320,0.1062,2.393,6.724,279404
10X_HEN079,R,Double-negative thymocytes,18,hvg,18,56,174,0.1726,2.393,6.724,7556
10X_HEN079,R,Double-positive thymocytes,111,expressed,111,9787,57815,0.0532,0.987,7.473,2391788
10X_HEN079,R,Double-positive thymocytes,111,hvg,111,123,1037,0.0760,0.987,6.417,43356
10X_HEN079,R,Endothelial cells,676,expressed,676,13832,1205852,0.1290,0.279,7.134,48350148
10X_HEN079,R,Endothelial cells,676,hvg,676,245,8747,0.0528,0.279,7.134,357252
10X_HEN079,R,Epithelial cells,2309,expressed,2309,15763,4020657,0.1105,0.166,7.352,160970860
10X_HEN079,R,Epithelial cells,2309,hvg,2309,339,44667,0.0571,0.166,7.352,1807868
10X_HEN079,R,Erythroid,54,expressed,54,5660,19652,0.0643,1.617,8.670,831796
10X_HEN079,R,Erythroid,54,hvg,54,76,455,0.1109,1.617,8.670,19244
10X_HEN079,R,Fibroblasts,1450,expressed,1450,14910,2483860,0.1149,0.222,7.416,99485284
10X_HEN079,R,Fibroblasts,1450,hvg,1450,312,23360,0.0516,0.222,7.416,948500
10X_HEN079,R,HSC/MPP,3,expressed,3,1260,1616,0.4275,2.087,5.373,74748
10X_HEN079,R,HSC/MPP,3,hvg,3,15,27,0.6000,2.625,4.756,1228
10X_HEN079,R,ILC,652,expressed,652,13610,514826,0.0580,0.421,7.939,20707140
10X_HEN079,R,ILC,652,hvg,652,261,5775,0.0339,0.421,7.939,238308
10X_HEN079,R,Macrophages,1499,expressed,1499,14161,1518202,0.0715,0.178,8.348,60853364
10X_HEN079,R,Macrophages,1499,hvg,1499,316,25657,0.0542,0.178,8.348,1040804
10X_HEN079,R,Mast cells,54,expressed,54,8549,44397,0.0962,0.673,6.432,1844708
10X_HEN079,R,Mast cells,54,hvg,54,58,691,0.2206,0.673,6.176,28540
10X_HEN079,R,Megakaryocytes/platelets,1,expressed,1,230,230,1.0000,3.325,6.124,11052
10X_HEN079,R,Megakaryocytes/platelets,1,hvg,1,10,10,1.0000,3.325,6.124,492
10X_HEN079,R,Mono-mac,11,expressed,11,5170,9941,0.1748,0.702,6.971,439092
10X_HEN079,R,Mono-mac,11,hvg,11,74,201,0.2469,0.702,6.971,8724
10X_HEN079,R,Monocyte precursor,2,expressed,2,679,766,0.5641,2.723,5.384,36092
10X_HEN079,R,Monocyte precursor,2,hvg,2,16,22,0.6875,2.723,5.368,1028
10X_HEN079,R,Monocytes,225,expressed,225,11240,195853,0.0774,0.655,7.564,7925844
10X_HEN079,R,Monocytes,225,hvg,225,189,3558,0.0837,0.655,7.564,145636
10X_HEN079,R,Myelocytes,54,expressed,54,4815,15071,0.0580,1.986,7.745,641796
10X_HEN079,R,Myelocytes,54,hvg,54,82,546,0.1233,1.986,7.745,22932
10X_HEN079,R,Plasma cells,419,expressed,419,11710,297680,0.0607,0.221,8.994,12004236
10X_HEN079,R,Plasma cells,419,hvg,419,282,7775,0.0658,0.221,8.994,316612
10X_HEN079,R,T cells,7884,expressed,7884,15234,4793528,0.0399,0.354,8.523,191926068
10X_HEN079,R,T cells,7884,hvg,7884,390,54371,0.0177,0.354,8.523,2241036
10X_HEN079,R,pDC,133,expressed,133,10240,155116,0.1139,0.584,7.132,6287628
10X_HEN079,R,pDC,133,hvg,133,76,1269,0.1255,0.584,7.132,52436
10X_HEN027,R,B cells,1033,expressed,1033,12929,723201,0.0541,0.407,7.355,29039740
10X_HEN027,R,B cells,1033,hvg,1033,291,10698,0.0356,0.407,7.355,438516
10X_HEN027,R,Cycling cells,14,expressed,14,5762,12844,0.1592,0.837,6.483,559972
10X_HEN027,R,Cycling cells,14,hvg,14,44,136,0.2208,0.837,5.800,5908
10X_HEN027,R,DC,172,expressed,172,11414,166368,0.0847,0.519,7.293,6747412
10X_HEN027,R,DC,172,hvg,172,152,2080,0.0796,0.519,7.293,85796
10X_HEN027,R,DC precursor,1,expressed,1,755,755,1.0000,2.191,5.256,36252
10X_HEN027,R,DC precursor,1,hvg,1,6,6,1.0000,2.191,5.074,300
10X_HEN027,R,Double-negative thymocytes,10,expressed,10,3216,5082,0.1580,1.110,6.241,229092
10X_HEN027,R,Double-negative thymocytes,10,hvg,10,38,91,0.2395,1.110,5.473,4028
10X_HEN027,R,Double-positive thymocytes,66,expressed,66,7709,29596,0.0582,1.183,6.882,1246044
10X_HEN027,R,Double-positive thymocytes,66,hvg,66,105,655,0.0945,1.183,5.489,27572
10X_HEN027,R,Endothelial cells,111,expressed,111,11202,110181,0.0886,0.485,6.984,4497748
10X_HEN027,R,Endothelial cells,111,hvg,111,109,1225,0.1012,0.485,6.984,50764
10X_HEN027,R,Epithelial cells,589,expressed,589,13202,582188,0.0749,0.215,7.426,23397852
10X_HEN027,R,Epithelial cells,589,hvg,589,203,8902,0.0745,0.215,7.426,362420
10X_HEN027,R,Erythroid,14,expressed,14,3014,5416,0.1284,2.121,6.382,240868
10X_HEN027,R,Erythroid,14,hvg,14,35,115,0.2347,2.206,5.982,4996
10X_HEN027,R,Fibroblasts,190,expressed,190,12583,317465,0.1328,0.363,6.973,12800788
10X_HEN027,R,Fibroblasts,190,hvg,190,152,2753,0.0953,0.363,6.904,112860
10X_HEN027,R,ILC,286,expressed,286,11570,144379,0.0436,0.599,6.800,5870012
10X_HEN027,R,ILC,286,hvg,286,171,2603,0.0532,0.599,6.800,107780
10X_HEN027,R,MNP,1,expressed,1,224,224,1.0000,3.112,7.301,10764
10X_HEN027,R,MNP,1,hvg,1,13,13,1.0000,3.112,7.301,636
10X_HEN027,R,Macrophages,1317,expressed,1317,13244,843363,0.0484,0.253,8.221,33851012
10X_HEN027,R,Macrophages,1317,hvg,1317,248,18850,0.0577,0.253,8.221,766524
10X_HEN027,R,Mast cells,6,expressed,6,1614,2351,0.2428,2.500,6.245,107004
10X_HEN027,R,Mast cells,6,hvg,6,19,67,0.5877,2.500,5.849,2884
10X_HEN027,R,Mono-mac,3,expressed,3,1329,1616,0.4053,2.304,6.075,75300
10X_HEN027,R,Mono-mac,3,hvg,3,29,46,0.5287,2.304,6.075,2100
10X_HEN027,R,Monocytes,73,expressed,73,8596,60085,0.0958,0.805,7.566,2472756
10X_HEN027,R,Monocytes,73,hvg,73,101,1017,0.1379,0.805,7.566,42076
10X_HEN027,R,Myelocytes,29,expressed,29,3648,8509,0.0804,2.444,7.767,369780
10X_HEN027,R,Myelocytes,29,hvg,29,72,283,0.1355,2.444,7.767,12132
10X_HEN027,R,Plasma cells,135,expressed,135,10638,150430,0.1047,0.206,8.958,6103388
10X_HEN027,R,Plasma cells,135,hvg,135,206,2684,0.0965,0.206,8.958,110092
10X_HEN027,R,T cells,2030,expressed,2030,13535,1467680,0.0534,0.358,8.032,58831724
10X_HEN027,R,T cells,2030,hvg,2030,294,16747,0.0281,0.358,8.032,688476
10X_HEN027,R,pDC,24,expressed,24,6534,24662,0.1573,0.929,6.564,1038948
10X_HEN027,R,pDC,24,hvg,24,51,256,0.2092,0.929,6.177,10844
10X_HEN027,R,pDC precursor,2,expressed,2,1024,1113,0.5435,2.062,5.667,52732
10X_HEN027,R,pDC precursor,2,hvg,2,23,27,0.5870,2.062,5.024,1284
